﻿<?xml version="1.0" encoding="UTF-8"?>
<addon
    id="plugin.video.xxtrucoxx"   
    name="XxTRUCOxX"
    version="1.0.4"
    provider-name="XxTRUCOxX">
   <requires>
     <import addon="xbmc.python" version="2.1.0"/>
	 <import addon="script.module.urlresolver"  version="2.8.0"/>
	 <import addon="script.module.addon.common" version="2.0.0" />
	 <import addon="script.module.metahandler"  version="0.0.1"/>
	 <import addon="script.common.plugin.cache"/>
   </requires>
   <extension point="xbmc.python.pluginsource" library="plugin.py" >
	 <provides>video</provides>
   </extension>
   <extension point="xbmc.python.module" library="lib" />
   <extension point="xbmc.addon.metadata">
	 <summary lang="pt">Assista videos e filmes [COLOR red][B]ADULTOS[/COLOR][/B] encodado e upado por XxTRUCOxX.</summary>
	 <description lang="pt">Assista videos e filmes [COLOR red][B]ADULTOS[/COLOR][/B] encodado e upado por XxTRUCOxX. Atualizado diariamente!</description>
	 <platform></platform>
     <language></language>
	 <license></license>
	 <forum></forum>
	 <website></website>
	 <source></source>
	 <email></email>
   </extension>
</addon>
